AccelerometerStat_x_FIRST_VAL_FFT,AccelerometerStat_x_SECOND_VAL_FFT,AccelerometerStat_x_THIRD_VAL_FFT,AccelerometerStat_x_FOURTH_VAL_FFT,AccelerometerStat_y_FIRST_VAL_FFT,AccelerometerStat_y_SECOND_VAL_FFT,AccelerometerStat_y_THIRD_VAL_FFT,AccelerometerStat_y_FOURTH_VAL_FFT,AccelerometerStat_z_FIRST_VAL_FFT,AccelerometerStat_z_SECOND_VAL_FFT,AccelerometerStat_z_THIRD_VAL_FFT,AccelerometerStat_z_FOURTH_VAL_FFT
3.0663806510268885,3.072267333238343,3.0806778975399007,3.2761310325684274,8.804750246304751,8.897089539610203,9.125826665335225,9.150599018834576,3.1228029655814606,6.7403392058625125,9.677275300581217,12.303619908145942
2.7118271387021733,3.077841539983288,3.28276043774412,3.4926756411295377,8.412371040329239,9.386337710109068,9.574447118253172,10.161758637364683,1.4600797903620244,1.5350110112418285,1.6621947783253204,1.7376323550445816
1.937184935479128,2.2756897053426086,2.3195218045776818,2.641114891575992,0.9873856711160524,1.039043506556177,1.2975080129435856,1.3852457895627135,11.901824208101536,13.427011379964766,13.589268794824159,13.724006116221545
